,id,symbol,type,rateUsd
0,croatian-kuna,HRK,fiat,0.1457
1,polish-zloty,PLN,fiat,0.2523
2,bhutanese-ngultrum,BTN,fiat,0.0121
3,bermudan-dollar,BMD,fiat,1.0
4,colombian-peso,COP,fiat,0.0003
5,turkmenistani-manat,TMT,fiat,0.2857
6,swedish-krona,SEK,fiat,0.0976
7,macanese-pataca,MOP,fiat,0.1242
8,chilean-unit-of-account-(uf),CLF,fiat,30.1905
9,fijian-dollar,FJD,fiat,0.4462
10,armenian-dram,AMD,fiat,0.0025
11,georgian-lari,GEL,fiat,0.3728
12,bulgarian-lev,BGN,fiat,0.5611
13,canadian-dollar,CAD,fiat,0.7488
14,czech-republic-koruna,CZK,fiat,0.0445
15,binance-coin,BNB,crypto,308.3259
16,palladium-ounce,XPD,fiat,996.2739
17,cfa-franc-bceao,XOF,fiat,0.0017
18,chinese-yuan-(offshore),CNH,fiat,0.1395
19,zcash,ZEC,crypto,24.6017
20,nepalese-rupee,NPR,fiat,0.0075
21,vietnamese-dong,VND,fiat,0.0
22,ugandan-shilling,UGX,fiat,0.0003
23,algerian-dinar,DZD,fiat,0.0074
24,jordanian-dinar,JOD,fiat,1.4094
25,philippine-peso,PHP,fiat,0.0179
26,bahraini-dinar,BHD,fiat,2.653
27,rwandan-franc,RWF,fiat,0.0008
28,sentinel,DVPN,crypto,0.0018
29,turkish-lira,TRY,fiat,0.0332
30,djiboutian-franc,DJF,fiat,0.0056
31,paraguayan-guarani,PYG,fiat,0.0001
32,kuwaiti-dinar,KWD,fiat,3.2544
33,crypto-com-coin,CRO,crypto,0.0925
34,chilean-peso,CLP,fiat,0.0011
35,south-korean-won,KRW,fiat,0.0008
36,libyan-dinar,LYD,fiat,0.2082
37,aruban-florin,AWG,fiat,0.5556
38,tether,USDT,crypto,1.0007
39,solomon-islands-dollar,SBD,fiat,0.1183
40,namibian-dollar,NAD,fiat,0.0537
41,ethereum,ETH,crypto,2595.3865
42,mongolian-tugrik,MNT,fiat,0.0003
43,são-tomé-and-príncipe-dobra,STN,fiat,0.0448
44,persistence,XPRT,crypto,0.4961
45,surinamese-dollar,SRD,fiat,0.0271
46,saint-helena-pound,SHP,fiat,1.2768
47,kazakhstani-tenge,KZT,fiat,0.0022
48,dogecoin,DOGE,crypto,0.0837
49,tajikistani-somoni,TJS,fiat,0.0911
50,seychellois-rupee,SCR,fiat,0.0749
51,mozambican-metical,MZN,fiat,0.0157
52,bitcoin-cash,BCH,crypto,285.9041
53,iraqi-dinar,IQD,fiat,0.0008
54,singapore-dollar,SGD,fiat,0.7517
55,romanian-leu,RON,fiat,0.2207
56,nigerian-naira,NGN,fiat,0.0011
57,belarusian-ruble,BYN,fiat,0.3057
58,jersey-pound,JEP,fiat,1.2768
59,moldovan-leu,MDL,fiat,0.0563
60,liberian-dollar,LRD,fiat,0.0053
61,barbadian-dollar,BBD,fiat,0.5
62,swazi-lilangeni,SZL,fiat,0.0538
63,icelandic-króna,ISK,fiat,0.0073
64,mauritanian-ouguiya,MRU,fiat,0.0253
65,cfa-franc-beac,XAF,fiat,0.0017
66,samoan-tala,WST,fiat,0.3571
67,comorian-franc,KMF,fiat,0.0022
68,gambian-dalasi,GMD,fiat,0.0149
69,falkland-islands-pound,FKP,fiat,1.2768
70,tanzanian-shilling,TZS,fiat,0.0004
71,serbian-dinar,RSD,fiat,0.0094
72,australian-dollar,AUD,fiat,0.6708
73,nicaraguan-córdoba,NIO,fiat,0.0273
74,cape-verdean-escudo,CVE,fiat,0.01
75,cuban-convertible-peso,CUC,fiat,1.0
76,macedonian-denar,MKD,fiat,0.0178
77,euro,EUR,fiat,1.0975
78,litecoin,LTC,crypto,73.5151
79,haitian-gourde,HTG,fiat,0.0076
80,uzbekistan-som,UZS,fiat,0.0001
81,netherlands-antillean-guilder,ANG,fiat,0.5551
82,united-arab-emirates-dirham,AED,fiat,0.2723
83,thorchain,RUNE,crypto,4.9655
84,qatari-rial,QAR,fiat,0.2741
85,bitcoin,BTC,crypto,45778.5931
86,sri-lankan-rupee,LKR,fiat,0.0031
87,danish-krone,DKK,fiat,0.1472
88,salvadoran-colón,SVC,fiat,0.1143
89,bosnia-herzegovina-convertible-mark,BAM,fiat,0.5615
90,honduran-lempira,HNL,fiat,0.0406
91,swiss-franc,CHF,fiat,1.174
92,qtum,QTUM,crypto,3.3198
93,egyptian-pound,EGP,fiat,0.0324
94,platinum-ounce,XPT,fiat,919.1683
95,trinidad-and-tobago-dollar,TTD,fiat,0.1474
96,malaysian-ringgit,MYR,fiat,0.2152
97,cambodian-riel,KHR,fiat,0.0002
98,british-pound-sterling,GBP,fiat,1.2768
99,waves,WAVES,crypto,2.5541
100,guinean-franc,GNF,fiat,0.0001
101,russian-ruble,RUB,fiat,0.0114
102,argentine-peso,ARS,fiat,0.0012
103,united-states-dollar,USD,fiat,1.0
104,burundian-franc,BIF,fiat,0.0004
105,venezuelan-bolívar-soberano,VES,fiat,0.0279
106,hong-kong-dollar,HKD,fiat,0.1279
107,malawian-kwacha,MWK,fiat,0.0006
108,multi-collateral-dai,DAI,crypto,1.0041
109,lebanese-pound,LBP,fiat,0.0001
110,malagasy-ariary,MGA,fiat,0.0002
111,dash,DASH,crypto,30.6648
112,north-korean-won,KPW,fiat,0.0011
113,panamanian-balboa,PAB,fiat,1.0
114,sudanese-pound,SDG,fiat,0.0017
115,eos,EOS,crypto,0.7871
116,mauritian-rupee,MUR,fiat,0.0226
117,indian-rupee,INR,fiat,0.0121
118,cayman-islands-dollar,KYD,fiat,1.2004
119,azerbaijani-manat,AZN,fiat,0.5882
120,guatemalan-quetzal,GTQ,fiat,0.1279
121,jamaican-dollar,JMD,fiat,0.0065
122,maldivian-rufiyaa,MVR,fiat,0.0649
123,vanuatu-vatu,VUV,fiat,0.0084
124,zambian-kwacha,ZMW,fiat,0.0383
125,japanese-yen,JPY,fiat,0.0069
126,pakistani-rupee,PKR,fiat,0.0036
127,cfp-franc,XPF,fiat,0.0092
128,silver-ounce,XAG,fiat,22.9415
129,costa-rican-colón,CRC,fiat,0.0019
130,guernsey-pound,GGP,fiat,1.2768
131,cuban-peso,CUP,fiat,0.0388
132,indonesian-rupiah,IDR,fiat,0.0001
133,hungarian-forint,HUF,fiat,0.0029
134,guyanaese-dollar,GYD,fiat,0.0048
135,ghanaian-cedi,GHS,fiat,0.0836
136,yemeni-rial,YER,fiat,0.004
137,chinese-yuan-renminbi,CNY,fiat,0.1408
138,eritrean-nakfa,ERN,fiat,0.0667
139,zimbabwean-dollar,ZWL,fiat,0.0031
140,moroccan-dirham,MAD,fiat,0.1006
141,dominican-peso,DOP,fiat,0.0171
142,gold-ounce,XAU,fiat,2038.8191
143,ukrainian-hryvnia,UAH,fiat,0.0264
144,papua-new-guinean-kina,PGK,fiat,0.2677
145,brazilian-real,BRL,fiat,0.2054
146,afghan-afghani,AFN,fiat,0.0141
147,saudi-riyal,SAR,fiat,0.2666
148,somali-shilling,SOS,fiat,0.0018
149,gibraltar-pound,GIP,fiat,1.2768
150,belize-dollar,BZD,fiat,0.4963
151,mexican-peso,MXN,fiat,0.0592
152,angolan-kwanza,AOA,fiat,0.0012
153,east-caribbean-dollar,XCD,fiat,0.37
154,peruvian-nuevo-sol,PEN,fiat,0.2704
155,brunei-dollar,BND,fiat,0.7525
156,ethiopian-birr,ETB,fiat,0.0177
157,south-african-rand,ZAR,fiat,0.0538
158,south-sudanese-pound,SSP,fiat,0.0077
159,new-taiwan-dollar,TWD,fiat,0.0322
160,syrian-pound,SYP,fiat,0.0004
161,bangladeshi-taka,BDT,fiat,0.0091
162,special-drawing-rights,XDR,fiat,1.335
163,botswanan-pula,BWP,fiat,0.0741
164,lesotho-loti,LSL,fiat,0.0537
165,são-tomé-and-príncipe-dobra-(pre-2018),STD,fiat,0.0
166,new-zealand-dollar,NZD,fiat,0.625
167,laotian-kip,LAK,fiat,0.0
168,kyrgystani-som,KGS,fiat,0.0112
169,manx-pound,IMP,fiat,1.2768
170,omani-rial,OMR,fiat,2.5977
171,uruguayan-peso,UYU,fiat,0.0254
172,norwegian-krone,NOK,fiat,0.0973
173,tunisian-dinar,TND,fiat,0.3228
174,israeli-new-sheqel,ILS,fiat,0.2687
175,myanma-kyat,MMK,fiat,0.0005
176,congolese-franc,CDF,fiat,0.0004
177,kenyan-shilling,KES,fiat,0.0063
178,sierra-leonean-leone,SLL,fiat,0.0
179,iranian-rial,IRR,fiat,0.0
180,thai-baht,THB,fiat,0.0285
181,bolivian-boliviano,BOB,fiat,0.1448
